-- MySQL dump 10.16  Distrib 10.1.44-MariaDB, for debian-linux-gnu (x86_64)
--
-- Host: 127.0.0.1    Database: 
-- ------------------------------------------------------
-- Server version	10.4.13-MariaDB-1:10.4.13+maria~bionic

/*!40101 SET @OLD_CHARACTER_SET_CLIENT=@@CHARACTER_SET_CLIENT */;
/*!40101 SET @OLD_CHARACTER_SET_RESULTS=@@CHARACTER_SET_RESULTS */;
/*!40101 SET @OLD_COLLATION_CONNECTION=@@COLLATION_CONNECTION */;
/*!40101 SET NAMES utf8mb4 */;
/*!40103 SET @OLD_TIME_ZONE=@@TIME_ZONE */;
/*!40103 SET TIME_ZONE='+00:00' */;
/*!40014 SET @OLD_UNIQUE_CHECKS=@@UNIQUE_CHECKS, UNIQUE_CHECKS=0 */;
/*!40014 SET @OLD_FOREIGN_KEY_CHECKS=@@FOREIGN_KEY_CHECKS, FOREIGN_KEY_CHECKS=0 */;
/*!40101 SET @OLD_SQL_MODE=@@SQL_MODE, SQL_MODE='NO_AUTO_VALUE_ON_ZERO' */;
/*!40111 SET @OLD_SQL_NOTES=@@SQL_NOTES, SQL_NOTES=0 */;

--
-- Current Database: `laproject`
--

CREATE DATABASE /*!32312 IF NOT EXISTS*/ `laproject` /*!40100 DEFAULT CHARACTER SET latin1 */;

USE `laproject`;

--
-- Table structure for table `tbl_role`
--

DROP TABLE IF EXISTS `tbl_role`;
/*!40101 SET @saved_cs_client     = @@character_set_client */;
/*!40101 SET character_set_client = utf8 */;
CREATE TABLE `tbl_role` (
  `role_id` int(11) NOT NULL AUTO_INCREMENT,
  `role_name` varchar(255) NOT NULL,
  PRIMARY KEY (`role_id`)
) ENGINE=InnoDB AUTO_INCREMENT=4 DEFAULT CHARSET=utf8;
/*!40101 SET character_set_client = @saved_cs_client */;

--
-- Dumping data for table `tbl_role`
--

LOCK TABLES `tbl_role` WRITE;
/*!40000 ALTER TABLE `tbl_role` DISABLE KEYS */;
INSERT INTO `tbl_role` (`role_id`, `role_name`) VALUES (1,'IT'),(2,'HR'),(3,'Financial');
/*!40000 ALTER TABLE `tbl_role` ENABLE KEYS */;
UNLOCK TABLES;

--
-- Table structure for table `tbl_user`
--

DROP TABLE IF EXISTS `tbl_user`;
/*!40101 SET @saved_cs_client     = @@character_set_client */;
/*!40101 SET character_set_client = utf8 */;
CREATE TABLE `tbl_user` (
  `user_id` int(11) NOT NULL AUTO_INCREMENT,
  `user_full_name,` varchar(255) NOT NULL,
  PRIMARY KEY (`user_id`)
) ENGINE=InnoDB AUTO_INCREMENT=8 DEFAULT CHARSET=utf8;
/*!40101 SET character_set_client = @saved_cs_client */;

--
-- Dumping data for table `tbl_user`
--

LOCK TABLES `tbl_user` WRITE;
/*!40000 ALTER TABLE `tbl_user` DISABLE KEYS */;
INSERT INTO `tbl_user` (`user_id`, `user_full_name,`) VALUES (1,'IT_TestUser1'),(2,'IT_TestUser2_And_Financial'),(3,'IT_TestUser3_And_HR_And_Finance'),(4,'HR_TestUser1'),(5,'Financial_TestUser1'),(6,'NoRolesUser'),(7,'NoRolesUser');
/*!40000 ALTER TABLE `tbl_user` ENABLE KEYS */;
UNLOCK TABLES;

--
-- Table structure for table `tbl_user_role`
--

DROP TABLE IF EXISTS `tbl_user_role`;
/*!40101 SET @saved_cs_client     = @@character_set_client */;
/*!40101 SET character_set_client = utf8 */;
CREATE TABLE `tbl_user_role` (
  `user_id` int(11) NOT NULL,
  `role_id` int(11) NOT NULL,
  KEY `user_id` (`user_id`),
  KEY `role_id` (`role_id`),
  CONSTRAINT `tbl_user_role_ibfk_3` FOREIGN KEY (`user_id`) REFERENCES `tbl_user` (`user_id`) ON DELETE CASCADE,
  CONSTRAINT `tbl_user_role_ibfk_4` FOREIGN KEY (`role_id`) REFERENCES `tbl_role` (`role_id`) ON DELETE CASCADE
) ENGINE=InnoDB DEFAULT CHARSET=utf8;
/*!40101 SET character_set_client = @saved_cs_client */;

--
-- Dumping data for table `tbl_user_role`
--

LOCK TABLES `tbl_user_role` WRITE;
/*!40000 ALTER TABLE `tbl_user_role` DISABLE KEYS */;
INSERT INTO `tbl_user_role` (`user_id`, `role_id`) VALUES (1,1),(2,1),(3,1),(4,2),(5,3),(2,3),(3,2),(3,3);
/*!40000 ALTER TABLE `tbl_user_role` ENABLE KEYS */;
UNLOCK TABLES;

--
-- Current Database: `mysql`
--

CREATE DATABASE /*!32312 IF NOT EXISTS*/ `mysql` /*!40100 DEFAULT CHARACTER SET latin1 */;

USE `mysql`;
